StudentID,Name,Gender,AttendanceRate,StudyHoursPerWeek,PreviousGrade,ExtracurricularActivities,ParentalSupport,FinalGrade,OnlineClassesTaken
1,John,Male,85.0,15.0,78.0,1.0,High,69.6,    False
2,Sarah,Female,90.0,20.0,85.0,2.0,Medium,78.2,True
3,Alex,Male,78.0,10.0,65.0,0.0,Low,51.6,False
4,Michael,Male,92.0,25.0,90.0,3.0,High,91.6,False
5,Emma,Female,85.5,18.0,82.0,2.0,Medium,71.4,True
6,Olivia,Female,95.0,30.0,88.0,1.0,High,97.9,False
7,Daniel,Male,70.0,8.0,60.0,0.0,Low,50.0,False
8,Sophia,Female,85.5,17.0,77.0,1.0,Medium,69.4,True
9,James,Male,82.0,12.0,70.0,2.0,Low,64.2,False
10,Isabella,Female,91.0,22.0,86.0,3.0,High,81.6,True
11,Shannon Harrison,Male,88.0,25.0,90.0,0.0,High,88.5,True
12,Peter Davila,Male,85.0,20.0,77.6,3.0,Low,77.0,False
13,Katherine Gray,Female,91.0,18.0,78.0,0.0,Low,65.5,True
14,Megan Miller,Male,90.0,8.0,85.0,1.0,Medium,69.0,False
15,James Williams,Male,70.0,20.0,70.0,2.0,Low,67.8,True
16,Derrick Alexander,Male,85.5,18.0,85.0,3.0,High,83.3,False
17,Courtney Clark,Female,95.0,25.0,82.0,2.0,Low,77.0,True
18,James Smith,Female,88.0,12.0,90.0,1.0,High,75.4,False
19,James Reynolds,Male,92.0,22.0,88.0,3.0,Low,83.2,False
20,Brittany Sutton,Female,78.0,25.0,70.0,2.0,Medium,72.7,False
21,Annette Medina,Male,78.0,12.0,77.0,2.0,High,71.4,False
22,James Duncan,Female,70.0,22.0,77.0,2.0,Medium,73.8,True
23,Donna Taylor,Female,95.0,20.0,82.0,2.0,High,79.7,False
24,David Robertson,Male,82.0,20.0,82.0,2.0,Low,76.1,True
25,Susan Brown,Male,91.0,30.0,77.0,1.0,High,87.2,True
26,Jessica Ortega,Male,91.0,20.0,77.6,1.0,High,76.5,False
27,Jeremy Hall,Female,85.5,17.6,60.0,3.0,Low,66.2,False
28,Peter Jones,Female,90.0,25.0,90.0,2.0,Medium,86.4,True
29,Michael Sampson,Male,85.0,25.0,77.6,1.0,Medium,73.5,False
30,Daniel Erickson,Male,91.0,22.0,77.0,3.0,Medium,76.9,False
31,David Aguilar,Female,70.0,17.0,78.0,2.0,High,71.5,False
32,Benjamin Vance,Male,82.0,17.0,65.0,0.0,High,68.2,False
33,Yolanda Chen,Male,82.0,15.0,85.0,3.0,High,81.7,False
34,Kristina Douglas,Female,85.5,15.0,60.0,2.0,Medium,56.1,False
35,Scott Davidson,Male,88.0,25.0,78.0,3.0,Low,80.5,True
36,Alexandra Harrington,Female,82.0,12.0,65.0,1.0,Low,60.0,True
37,Richard Johnson,Female,90.0,22.0,90.0,3.0,Low,85.1,False
38,Christopher Chapman,Male,95.0,25.0,82.0,0.0,High,89.4,True
39,Jerry Browning,Female,91.0,22.0,85.0,2.0,Low,79.0,False
40,Carrie Page,Male,95.0,18.0,65.0,1.0,Low,62.6,True
41,Michelle Benjamin,Male,78.0,18.0,85.0,2.0,Low,72.5,True
42,James Woods,Male,88.0,12.0,77.0,2.0,High,69.2,True
43,Angela Dunn,Female,78.0,18.0,65.0,1.0,Low,63.0,True
44,Nathan Riley,Male,95.0,22.0,70.0,0.0,Medium,70.1,True
45,Shelby Mahoney,Male,92.0,20.0,88.0,2.0,Medium,80.8,True
46,Andrea Frey,Female,85.0,10.0,88.0,0.0,Low,71.8,True
47,Justin Martin,Male,85.0,25.0,90.0,1.0,Medium,84.5,True
48,Mark Hartman,Male,70.0,30.0,82.0,2.0,Medium,86.6,False
49,Antonio Hansen,Male,88.0,10.0,86.0,2.0,High,74.6,False
50,Lynn Anderson,Male,70.0,22.0,90.0,2.0,High,93.8,True
51,Michael Cooley,Female,90.0,30.0,86.0,1.0,Low,88.5,False
52,Mitchell Sanders,Female,70.0,18.0,70.0,0.0,High,65.8,True
53,Maria Cross,Female,82.0,17.6,82.0,1.0,High,75.3,False
54,Lisa Castillo,Female,85.0,25.0,70.0,1.0,Low,73.9,False
55,Theresa Rodriguez,Male,88.0,25.0,90.0,0.0,High,87.1,True
56,Kimberly Wood,Female,91.0,25.0,60.0,1.0,Medium,69.2,True
57,Patricia Cox,Female,92.0,10.0,70.0,1.0,High,67.6,False
58,Kimberly Blair,Female,82.0,12.0,86.0,1.0,Medium,71.2,False
59,Jason Ramirez,Female,78.0,17.0,77.0,2.0,High,72.1,False
60,Gail Dudley,Female,85.0,20.0,82.0,3.0,Medium,71.2,True
61,John West,Male,92.0,8.0,65.0,3.0,High,60.3,False
62,Patricia Carr,Male,92.0,8.0,60.0,3.0,Low,56.2,False
63,David Nunez,Male,95.0,18.0,60.0,0.0,Low,60.5,False
64,Collin Peterson,Female,70.0,17.0,78.0,0.0,Medium,63.7,True
65,Rebecca Smith,Male,70.0,22.0,86.0,1.0,High,83.7,True
66,Lisa Benjamin,Female,70.0,30.0,90.0,1.0,Medium,88.2,False
67,Desiree Reyes,Female,90.0,17.0,78.0,2.0,High,73.7,True
68,Megan Diaz,Male,92.0,15.0,86.0,0.0,High,78.3,True
69,Joseph Adams,Female,95.0,10.0,86.0,3.0,Low,71.3,False
70,Sharon Watson,Male,88.0,22.0,60.0,0.0,Low,59.0,True
71,Tiffany Smith,Female,91.0,20.0,86.0,1.0,Medium,79.8,True
72,Alexander Preston,Female,85.0,8.0,77.0,2.0,Medium,64.8,True
73,Randall Hickman,Male,82.0,18.0,86.0,2.0,Medium,79.4,False
74,David Hernandez,Male,90.0,18.0,77.0,3.0,Medium,74.8,False
75,Michelle Jones,Female,95.0,10.0,77.0,3.0,Medium,61.6,False
76,Tonya Gonzalez,Male,90.0,25.0,60.0,1.0,Low,64.2,False
77,Sarah Johnson,Male,90.0,18.0,90.0,0.0,Low,78.9,False
78,Grace Valencia,Female,70.0,12.0,88.0,1.0,Low,72.9,True
79,Sarah Young,Male,95.0,20.0,70.0,0.0,High,74.0,False
80,Gerald Weber,Male,88.0,25.0,88.0,1.0,Medium,95.2,False
81,Gregory Turner,Male,82.0,18.0,77.6,1.0,High,77.9,False
82,Laura Cortez,Female,78.0,15.0,82.0,1.0,High,79.4,True
83,Lori Miller,Male,91.0,18.0,85.0,3.0,High,84.4,True
84,Lori Gomez PhD,Female,85.0,17.0,82.0,3.0,Medium,75.3,True
85,Dawn Foster,Male,88.0,20.0,65.0,2.0,High,69.9,False
86,Peter Welch,Female,88.0,15.0,90.0,2.0,Low,79.1,True
87,Maria Carter,Female,91.0,25.0,60.0,2.0,Low,64.8,True
88,Daniel Hood,Male,78.0,18.0,86.0,3.0,Medium,75.1,False
89,Amanda Hernandez,Female,82.0,12.0,77.0,1.0,High,69.5,False
90,Alyssa Schmidt,Male,90.0,25.0,86.0,3.0,High,87.8,True
91,Taylor Merritt DVM,Female,88.0,10.0,86.0,0.0,Low,75.3,False
92,Alyssa Smith,Male,95.0,20.0,65.0,1.0,Medium,60.9,True
93,Nathan Navarro,Male,95.0,18.0,88.0,2.0,Medium,80.8,False
94,Lisa Zimmerman,Male,92.0,12.0,88.0,3.0,Medium,68.8,False
95,Jeffrey Howard,Male,88.0,17.0,77.0,2.0,High,74.2,True
96,Morgan Bell,Male,82.0,17.6,85.0,0.0,High,81.5,True
97,Angelica Steele,Female,82.0,18.0,60.0,1.0,Medium,60.8,False
98,Gregory Daniels,Male,90.0,18.0,60.0,1.0,Low,58.2,False
99,Eric Davis,Male,85.0,12.0,77.0,1.0,Medium,64.2,False
100,Natalie Kelley,Male,92.0,22.0,60.0,3.0,Medium,66.8,False
101,Ruth Davis,Male,85.0,15.0,65.0,2.0,Low,59.3,True
102,Emily Torres,Female,85.0,17.6,60.0,0.0,High,64.2,False
103,Nancy Davis,Male,95.0,12.0,60.0,1.0,Low,57.2,True
104,Amanda Bowers,Female,92.0,20.0,60.0,2.0,Low,61.2,False
105,Alison Lang,Male,95.0,15.0,82.0,1.0,Medium,79.1,False
106,Matthew Massey,Male,78.0,20.0,86.0,2.0,Low,79.3,True
107,James Anderson,Male,88.0,17.0,82.0,1.0,Medium,67.5,True
108,Robert Howard,Female,91.0,18.0,60.0,2.0,Medium,62.1,False
109,Rebecca Brown,Male,70.0,22.0,88.0,3.0,Medium,77.4,False
110,Kimberly Harrison,Male,91.0,15.0,86.0,3.0,Medium,77.3,True
111,Derek Parks,Female,78.0,20.0,78.0,2.0,Medium,70.2,True
112,Jennifer Baker,Female,95.0,8.0,65.0,3.0,High,61.6,False
113,Diana Schultz,Female,85.0,18.0,88.0,2.0,Medium,79.2,False
114,Mrs. Jill Long,Male,70.0,15.0,82.0,2.0,High,77.8,False
115,Heather Johnson,Female,90.0,25.0,77.0,1.0,Low,73.6,True
116,Robert Lowery,Female,88.0,8.0,85.0,0.0,High,70.2,True
117,Mr. Devon Garrett,Male,82.0,10.0,60.0,1.0,Medium,52.8,True
118,Angela Williams,Male,85.0,22.0,60.0,2.0,High,67.1,True
119,Brent Burns,Male,95.0,12.0,88.0,1.0,Medium,79.2,False
120,Melissa Barber,Male,91.0,15.0,78.0,1.0,High,76.1,True
121,John Warner,Male,92.0,30.0,65.0,3.0,High,75.4,True
122,Christopher Baxter,Female,78.0,17.6,78.0,0.0,High,76.4,False
123,Courtney Haas,Male,88.0,15.0,65.0,0.0,Low,66.2,False
124,Sarah Ross,Male,85.0,12.0,90.0,3.0,High,82.2,True
125,Manuel Baker,Female,70.0,8.0,85.0,1.0,Low,61.8,False
126,Jessica Lamb,Male,78.0,18.0,86.0,0.0,Low,72.3,False
127,Jaime Nguyen,Female,90.0,20.0,70.0,3.0,Medium,72.8,False
128,Tina Chavez,Male,70.0,20.0,88.0,0.0,Medium,73.7,False
129,Christina Thompson,Male,90.0,20.0,60.0,2.0,Low,64.3,True
130,Shari Harrell,Male,70.0,17.6,60.0,1.0,Medium,61.4,True
131,Tracy Gibbs,Female,92.0,20.0,88.0,2.0,Medium,77.2,True
132,David Hoffman,Male,91.0,17.6,78.0,0.0,Medium,69.8,True
133,Robert Davis,Male,91.0,8.0,85.0,0.0,Low,56.8,True
134,Patricia Greer,Female,85.0,30.0,77.6,1.0,Medium,78.0,True
135,James Stewart,Male,78.0,22.0,78.0,2.0,Medium,73.4,False
136,Brent Mendoza,Female,92.0,12.0,85.0,1.0,Medium,68.1,False
137,Dawn Taylor,Female,85.0,25.0,60.0,3.0,High,76.4,True
138,Larry Brown,Female,95.0,20.0,78.0,1.0,Low,70.0,True
139,Miss Teresa Hernandez MD,Female,90.0,8.0,78.0,0.0,High,65.9,False
140,Edward Baker,Female,88.0,20.0,60.0,1.0,Medium,63.2,False
141,Diana Gould,Male,70.0,20.0,90.0,0.0,Low,81.3,False
142,Amy Rodriguez,Male,95.0,10.0,85.0,2.0,Low,66.2,False
143,Paul Hull,Male,92.0,20.0,65.0,2.0,High,74.7,True
144,Allison Hamilton,Female,85.0,22.0,86.0,1.0,Low,79.7,False
145,John King,Male,85.0,20.0,77.0,1.0,Low,69.8,True
146,Tristan Avila,Male,88.0,17.0,77.0,0.0,High,75.0,True
147,Connie Cooper,Female,85.0,22.0,70.0,1.0,Medium,70.7,False
148,Judith Santos,Male,85.0,17.0,85.0,1.0,Low,73.3,True
149,Michaela Powell,Female,85.0,12.0,70.0,3.0,High,67.3,False
150,Lawrence Roberts,Female,91.0,15.0,88.0,2.0,Medium,74.7,False
151,Nicholas Robinson DDS,Male,95.0,20.0,86.0,0.0,Medium,77.4,False
152,Jill Smith,Male,88.0,12.0,60.0,1.0,High,63.4,False
153,Michael Burns,Female,85.0,30.0,82.0,0.0,High,91.5,True
154,Adam Weaver,Male,78.0,20.0,82.0,2.0,Low,71.3,True
155,Melvin Mcgee,Male,91.0,8.0,65.0,0.0,High,65.9,False
156,William Banks,Female,95.0,25.0,77.0,3.0,Medium,71.8,False
157,Dawn Morton,Male,95.0,22.0,77.6,1.0,Medium,75.2,True
158,Frank Dawson,Male,85.5,15.0,77.0,1.0,Low,70.5,True
159,Gregory Davila,Male,78.0,18.0,77.0,2.0,High,76.2,False
160,Rebekah Finley,Male,70.0,15.0,60.0,2.0,Medium,55.1,False
161,Robert Martinez,Male,95.0,20.0,88.0,0.0,High,82.7,True
162,Steven Crawford,Female,91.0,15.0,85.0,1.0,Medium,72.6,False
163,Leslie King,Female,92.0,17.6,85.0,1.0,High,79.5,False
164,George Cannon,Male,85.0,22.0,70.0,1.0,Low,72.6,True
165,Adam Carlson,Female,85.0,22.0,88.0,3.0,High,87.0,True
166,Stephanie Lawrence,Female,90.0,12.0,70.0,2.0,Low,60.5,True
167,Alex,Female,88.0,15.0,88.0,2.0,Medium,78.3,True
168,Adam Blackwell,Male,85.0,30.0,70.0,1.0,Low,77.4,False
169,Andrew Owens,Male,78.0,20.0,77.0,1.0,Medium,74.4,True
170,John Sexton,Female,82.0,8.0,70.0,1.0,Medium,60.5,False
171,Jasmine Williams,Male,95.0,18.0,85.0,1.0,Medium,74.4,False
172,Leon Nguyen,Female,85.0,30.0,70.0,2.0,High,79.8,True
173,John White,Female,95.0,20.0,85.0,1.0,Low,80.7,False
174,Justin Martinez,Female,95.0,17.0,78.0,1.0,Low,73.7,True
175,Nathaniel Kemp,Female,85.5,12.0,65.0,1.0,High,64.1,True
176,Jacob Murray,Male,92.0,30.0,88.0,0.0,Low,86.4,False
177,Anthony Green,Female,85.0,20.0,86.0,0.0,Low,79.9,False
178,Trevor Freeman,Male,85.0,17.6,77.0,2.0,Medium,69.0,False
179,Michael Smith,Male,91.0,18.0,77.0,3.0,High,78.3,True
180,William Hogan,Male,95.0,30.0,85.0,2.0,Low,85.9,True
181,Sandra Hart,Male,90.0,25.0,65.0,3.0,Medium,69.3,False
182,Deanna Jones,Male,91.0,20.0,85.0,2.0,Medium,81.4,False
183,Joshua Juarez,Male,95.0,20.0,77.0,1.0,High,81.2,True
184,Keith Wu,Female,82.0,15.0,85.0,2.0,High,80.6,True
185,Ryan Williams,Female,90.0,18.0,90.0,2.0,Low,83.3,False
186,Ronald Stewart,Male,91.0,22.0,65.0,0.0,Low,65.8,False
187,Ronald Schmidt,Male,90.0,15.0,86.0,2.0,Low,76.6,True
188,Courtney Bradley,Female,88.0,17.0,90.0,0.0,Medium,75.5,True
189,Deanna Gonzalez,Female,85.0,17.0,90.0,1.0,Low,79.1,False
190,Darrell Adams,Female,78.0,30.0,70.0,2.0,High,80.4,False
191,Michael Mata,Male,78.0,20.0,78.0,2.0,Medium,72.9,True
192,Anthony Dunn,Male,78.0,17.0,77.6,1.0,Medium,71.7,False
193,Jonathan Hodges,Female,92.0,25.0,86.0,1.0,High,85.3,False
194,Jill Williams,Male,90.0,8.0,65.0,2.0,Low,62.7,True
195,Julia Russell,Male,91.0,12.0,90.0,1.0,Low,71.7,False
196,Shirley Jackson,Male,78.0,20.0,60.0,1.0,Medium,58.2,True
197,Tonya Thompson,Female,82.0,15.0,78.0,1.0,High,77.5,False
198,Brandon Williamson,Male,95.0,17.6,88.0,0.0,Medium,78.8,False
199,Joseph Davis,Female,91.0,18.0,77.6,1.0,Medium,73.9,False
200,Elizabeth Andersen,Female,88.0,22.0,86.0,3.0,Low,81.9,False
201,Jeffrey Meyers,Female,85.0,22.0,85.0,3.0,High,84.1,False
202,Christopher Jones,Female,82.0,22.0,77.0,1.0,Low,71.3,False
203,Aimee Rogers,Female,95.0,10.0,77.0,2.0,Medium,65.9,False
204,Alexis Bates,Male,92.0,18.0,70.0,2.0,High,70.6,True
205,Michael Evans,Female,85.0,30.0,70.0,2.0,Medium,79.4,False
206,Omar Gonzalez,Female,78.0,18.0,78.0,2.0,Low,70.6,False
207,Melissa Perry,Male,92.0,12.0,82.0,2.0,Low,67.5,True
208,Dawn Torres,Male,82.0,25.0,90.0,1.0,High,88.2,True
209,Timothy Dean,Male,82.0,17.6,60.0,1.0,Medium,61.5,False
210,Anna Rollins MD,Male,90.0,22.0,90.0,2.0,Low,80.9,False
211,Timothy Barrera,Male,70.0,17.0,65.0,2.0,High,64.1,True
212,Susan Morris,Female,85.0,12.0,70.0,1.0,High,67.8,True
213,Gordon Merritt,Male,85.0,18.0,65.0,2.0,Low,64.6,True
214,Kristy Rhodes,Female,70.0,12.0,88.0,2.0,Medium,69.9,False
215,Kristi Cross,Male,85.0,18.0,60.0,3.0,Medium,59.5,True
216,Ms. Marissa Ramirez,Female,92.0,15.0,85.0,1.0,Medium,74.9,False
217,Paul Hickman,Male,95.0,22.0,90.0,3.0,High,83.8,False
218,Mrs. Kathy Woodward,Female,82.0,25.0,90.0,3.0,High,85.0,False
219,Alexis Horn,Male,85.0,12.0,70.0,3.0,Low,59.9,False
220,Shannon Harris DDS,Male,91.0,17.0,85.0,2.0,Medium,75.1,False
221,Alicia Ortiz,Male,82.0,17.0,82.0,1.0,Medium,73.9,True
222,Steven Wood,Male,70.0,30.0,85.0,2.0,High,93.4,True
223,Alexis Walton,Female,78.0,10.0,60.0,1.0,Medium,56.4,False
224,Martin Mcknight,Male,95.0,20.0,65.0,2.0,Medium,66.0,True
225,Gina Palmer,Female,85.0,12.0,60.0,2.0,Medium,56.0,True
226,Jean Moreno,Male,90.0,15.0,60.0,3.0,High,61.0,True
227,David Anderson,Male,92.0,15.0,60.0,1.0,High,64.1,True
228,Brian Huffman,Female,92.0,22.0,77.6,3.0,Low,74.5,True
229,Jose Liu,Female,88.0,15.0,70.0,3.0,Low,65.8,False
230,Cathy Pratt,Female,85.5,12.0,88.0,0.0,Medium,68.5,False
231,Kathy Sandoval,Male,88.0,10.0,77.0,1.0,Low,66.6,True
232,Michael Webb,Male,88.0,25.0,88.0,2.0,Medium,88.2,True
233,Ronnie Taylor,Female,70.0,22.0,86.0,1.0,High,82.9,True
234,Matthew Miller,Male,95.0,18.0,78.0,3.0,High,78.9,False
235,Shelly Hurley,Male,70.0,25.0,70.0,1.0,Medium,73.1,False
236,Mr. Martin Dominguez MD,Female,95.0,12.0,77.0,1.0,High,71.1,True
237,Jennifer Wiggins,Female,70.0,17.6,86.0,3.0,Low,75.4,False
238,Anthony Smith,Male,92.0,30.0,90.0,0.0,Low,87.2,False
239,John Lopez,Female,85.0,17.0,65.0,1.0,High,68.4,True
240,Nathan Rodgers,Male,82.0,15.0,85.0,1.0,High,75.9,True
241,Martin Walker,Male,85.0,25.0,70.0,1.0,Medium,72.6,False
242,Jesus Wood,Male,85.0,12.0,70.0,0.0,High,66.6,False
243,Kelly Bell,Female,78.0,20.0,85.0,2.0,High,86.2,False
244,Kathryn Randall,Female,70.0,20.0,88.0,0.0,Medium,78.7,True
245,Sarah Norris,Male,85.0,20.0,60.0,0.0,Medium,67.0,True
246,Matthew Adams,Male,85.0,8.0,77.6,3.0,High,66.2,True
247,William Wade,Female,85.0,20.0,82.0,2.0,Low,78.3,True
248,Brian Castro,Male,85.5,17.6,82.0,0.0,Low,72.4,False
249,Teresa Sanders,Male,90.0,12.0,88.0,1.0,High,85.0,False
250,Richard Oneal,Female,85.0,18.0,77.0,1.0,High,73.7,False
251,Christine Cooper,Female,90.0,22.0,82.0,3.0,Low,75.3,False
252,Michael Foster,Female,95.0,30.0,77.6,2.0,High,85.3,False
253,Loretta Gonzalez,Male,90.0,10.0,60.0,1.0,Low,50.0,True
254,Douglas Ingram,Female,82.0,20.0,86.0,3.0,Medium,76.2,False
255,Randy Anderson,Male,91.0,12.0,65.0,0.0,High,60.4,False
256,Donna Shaw,Male,78.0,8.0,82.0,0.0,Medium,63.9,False
257,Joseph Holt,Female,91.0,22.0,90.0,1.0,High,88.7,False
258,Taylor Acosta,Female,85.0,30.0,60.0,3.0,High,81.1,True
259,Danielle Scott,Female,78.0,8.0,88.0,2.0,Low,71.9,True
260,Melissa Aguirre,Female,88.0,8.0,88.0,2.0,Low,68.3,True
261,Cassandra Snyder,Female,92.0,17.0,82.0,2.0,Medium,71.3,True
262,Kimberly Lambert,Male,70.0,8.0,85.0,1.0,Low,67.9,False
263,Rebecca Mendoza DDS,Male,95.0,12.0,86.0,2.0,High,73.7,True
264,Michael Anderson,Female,95.0,8.0,85.0,1.0,High,79.4,True
265,Hannah Gentry,Female,70.0,17.0,86.0,2.0,High,82.7,True
266,Patrick Reed,Female,90.0,20.0,65.0,1.0,Medium,64.6,False
267,Tiffany Huff,Female,90.0,17.6,77.0,1.0,High,71.1,True
268,Thomas Lee,Female,90.0,10.0,90.0,2.0,High,82.1,False
269,Justin Clark,Male,70.0,10.0,65.0,1.0,Medium,55.7,False
270,Michael Martinez,Female,85.0,25.0,90.0,2.0,Low,88.2,True
271,Vincent Smith,Female,85.5,17.0,85.0,2.0,Low,70.4,False
272,Sean Hull,Female,91.0,20.0,88.0,1.0,Medium,78.1,False
273,Sarah Welch,Male,95.0,20.0,90.0,2.0,High,86.5,False
274,Mr. Stephen Gilmore,Male,91.0,8.0,60.0,0.0,Medium,51.6,True
275,Barry Parker,Female,85.5,10.0,65.0,1.0,Medium,56.2,True
276,Joshua Kane,Male,92.0,8.0,70.0,2.0,Low,61.5,False
277,Anthony Wright,Female,78.0,20.0,86.0,1.0,High,79.2,False
278,Nathaniel Lopez,Female,91.0,17.0,70.0,2.0,High,71.3,False
279,Darlene Fletcher,Male,85.0,12.0,90.0,0.0,High,77.5,False
280,Christopher Moore,Female,90.0,17.0,85.0,3.0,High,82.1,False
281,Benjamin White,Male,92.0,25.0,78.0,3.0,Medium,80.1,True
282,Jenny Coleman,Female,88.0,22.0,82.0,3.0,Low,74.2,False
283,Michael Gomez,Female,78.0,10.0,90.0,0.0,Low,65.2,False
284,Caleb Serrano,Male,91.0,18.0,60.0,0.0,Medium,63.3,True
285,William Carlson,Female,95.0,17.0,77.0,1.0,Low,72.3,True
286,Timothy Pruitt,Female,90.0,12.0,60.0,3.0,Medium,54.4,False
287,Mario Johnston,Male,91.0,17.0,88.0,1.0,High,87.2,True
288,Rebecca Kim,Male,85.0,17.0,78.0,0.0,High,74.2,True
289,Joyce Williams,Male,95.0,18.0,85.0,1.0,Low,80.4,False
290,Cynthia Sloan,Female,90.0,20.0,78.0,2.0,Medium,74.0,False
291,Connie Cooper,Male,85.5,20.0,60.0,0.0,Medium,66.7,True
292,Connie Cooper,Female,95.0,18.0,65.0,0.0,High,73.2,True
293,Patricia Williams,Female,95.0,25.0,65.0,0.0,Low,67.8,True
294,Michael Payne,Male,91.0,8.0,88.0,0.0,Medium,71.2,True
295,Brooke Friedman,Female,85.0,18.0,90.0,2.0,Low,80.8,False
296,Daniel Mathis,Male,85.0,8.0,85.0,3.0,Medium,72.0,False
297,Lynn Jennings,Male,70.0,22.0,60.0,1.0,Low,59.7,True
298,Kimberly Randolph,Male,85.0,18.0,90.0,1.0,High,86.0,False
299,Jack Simmons,Female,90.0,12.0,70.0,3.0,High,70.8,True
300,Daniel Mendez,Female,70.0,22.0,85.0,2.0,Low,72.3,True
301,Travis Lawson,Male,70.0,20.0,77.0,3.0,Low,67.7,True
302,Jason Horne DDS,Male,78.0,15.0,65.0,1.0,Medium,54.7,False
303,Shawn Galloway,Female,78.0,18.0,85.0,1.0,Medium,74.4,False
304,Thomas Barnes,Female,85.0,12.0,88.0,1.0,Medium,75.1,False
305,Elizabeth Curry,Male,92.0,12.0,77.6,1.0,High,76.9,False
306,Nicole Cunningham,Male,85.0,12.0,60.0,3.0,Low,56.3,False
307,Patrick Thompson,Male,91.0,30.0,85.0,2.0,Low,91.0,True
308,Marissa Stewart,Male,85.0,18.0,82.0,1.0,High,75.0,True
309,Melissa Wilson,Female,91.0,25.0,77.0,1.0,Low,72.2,True
310,Jaime Glenn,Male,78.0,15.0,60.0,1.0,High,62.6,True
311,Mark Castillo,Male,70.0,18.0,85.0,3.0,Low,75.6,True
312,Mr. Kent Stanton,Male,85.0,25.0,70.0,0.0,Low,70.4,True
313,Tyrone Phillips,Male,70.0,20.0,86.0,3.0,High,75.4,True
314,Christopher Collins,Female,95.0,8.0,88.0,1.0,Medium,70.4,True
315,David Rowe,Male,85.5,10.0,77.0,1.0,Medium,60.8,True
316,Christopher Mccullough,Female,85.0,18.0,85.0,2.0,High,82.9,True
317,Carla Rodriguez,Female,78.0,20.0,90.0,1.0,Medium,80.9,False
318,Makayla Howard,Male,70.0,17.0,70.0,2.0,High,66.8,True
319,Barbara White,Male,85.0,25.0,65.0,3.0,Medium,68.0,True
320,Sarah Davis,Male,85.0,20.0,90.0,1.0,High,82.3,True
321,Cody Donovan,Female,85.0,10.0,86.0,0.0,Low,67.9,False
322,Jessica Jenkins,Female,92.0,10.0,82.0,2.0,Medium,71.3,True
323,Benjamin Alexander,Female,70.0,12.0,77.0,1.0,High,66.8,True
324,Isaac Lopez,Male,82.0,15.0,60.0,1.0,Medium,59.7,False
325,Ariana Morse,Female,78.0,15.0,88.0,3.0,High,78.0,False
326,Brian Avery,Female,85.5,17.6,86.0,3.0,High,78.9,False
327,Amy Lawson,Male,92.0,22.0,60.0,1.0,High,69.5,False
328,Derek Choi,Female,91.0,22.0,65.0,3.0,High,69.6,False
329,Paul Reese,Male,85.0,25.0,86.0,3.0,High,85.4,True
330,Francisco Chang,Female,78.0,30.0,78.0,1.0,High,82.0,True
331,Christian Knight,Female,90.0,17.6,60.0,3.0,High,72.0,True
332,Andrew Wilkerson,Female,95.0,10.0,70.0,3.0,Medium,61.6,False
333,Brandon Alvarez,Female,78.0,10.0,78.0,3.0,Medium,62.5,False
334,Gary Young,Male,85.0,10.0,88.0,2.0,High,76.9,True
335,Jessica Wright,Female,85.0,18.0,90.0,3.0,Low,78.6,True
336,Timothy Clements,Male,70.0,17.0,60.0,0.0,Medium,55.9,False
337,Alexander Gordon DDS,Female,91.0,25.0,65.0,1.0,High,76.9,False
338,James Martinez,Male,95.0,10.0,60.0,0.0,Low,55.8,False
339,Francisco Williams,Male,70.0,10.0,86.0,0.0,High,70.0,True
340,Jordan Brooks,Female,88.0,18.0,90.0,2.0,High,82.5,True
341,Kurt Boyd,Female,85.0,8.0,85.0,2.0,Low,67.1,True
342,Bryan Salazar,Male,88.0,20.0,77.0,2.0,Medium,66.1,False
343,Mrs. Heather Roy,Female,78.0,30.0,60.0,1.0,High,70.3,False
344,Michael Cooley,Male,85.5,22.0,78.0,0.0,Low,77.1,False
345,Kathleen Newton,Male,70.0,12.0,60.0,2.0,Low,59.5,False
346,Julian Fox,Male,70.0,15.0,70.0,3.0,Low,62.3,True
347,Kylie Hancock,Female,78.0,10.0,90.0,3.0,High,78.5,False
348,Matthew Werner,Male,91.0,18.0,88.0,2.0,High,84.2,False
349,Kelsey Bush,Female,85.0,22.0,86.0,2.0,Medium,88.9,True
350,Brandon Dickerson,Male,88.0,12.0,88.0,0.0,Medium,74.6,False
351,Jamie Allen,Male,88.0,8.0,65.0,3.0,Low,55.8,True
352,Taylor Smith,Female,88.0,30.0,78.0,1.0,Medium,78.7,True
353,Elizabeth Chavez,Male,88.0,17.0,88.0,2.0,Low,72.4,True
354,Melissa Morris,Male,70.0,17.0,70.0,1.0,High,70.2,False
355,Donna Hardin,Female,78.0,12.0,86.0,1.0,High,73.7,True
356,Andrew Cook,Male,85.0,15.0,88.0,3.0,Medium,71.0,False
357,Dr. Richard Wallace,Male,92.0,30.0,77.0,3.0,Medium,79.5,False
358,Samuel Shaw,Male,88.0,20.0,82.0,1.0,Medium,72.8,True
359,Mike Waters,Male,92.0,18.0,60.0,2.0,High,71.7,True
360,Andrea Newman,Male,88.0,22.0,82.0,2.0,Medium,80.2,False
361,Charles Vincent,Female,88.0,12.0,86.0,0.0,Low,70.0,False
362,Barry Jenkins,Female,90.0,17.0,85.0,1.0,Medium,80.0,False
363,Laurie Johnson,Male,82.0,25.0,78.0,3.0,Medium,77.2,True
364,John Coleman,Female,88.0,8.0,60.0,0.0,Low,50.0,True
365,John Carter,Male,82.0,17.0,88.0,2.0,Medium,81.2,True
366,Mr. Devon Garrett,Male,85.0,10.0,82.0,2.0,High,74.3,False
367,Jill Kelly,Female,70.0,30.0,77.6,2.0,Low,76.4,False
368,Richard Gonzalez,Male,85.0,25.0,70.0,2.0,Low,71.9,True
369,Alex White,Male,92.0,30.0,60.0,3.0,Medium,68.6,True
370,Michael Gonzales,Female,95.0,10.0,88.0,1.0,High,73.2,True
371,John Williams,Female,90.0,10.0,86.0,1.0,Low,73.4,False
372,Daniel Herrera,Male,82.0,25.0,88.0,1.0,Medium,88.7,True
373,Jessica Richardson,Male,95.0,18.0,65.0,2.0,Medium,60.7,True
374,Ian Glass,Female,88.0,17.0,70.0,3.0,Low,68.1,True
375,Heidi Simmons,Female,95.0,25.0,65.0,0.0,High,71.5,True
376,Andrea Fuller,Male,90.0,30.0,78.0,0.0,Low,78.3,True
377,David Dunlap,Male,85.0,15.0,85.0,0.0,Medium,69.7,False
378,Antonio Mitchell,Male,85.0,18.0,60.0,2.0,Low,58.3,True
379,Mariah Cole,Male,82.0,22.0,85.0,2.0,High,83.9,True
380,Rhonda Ramos,Male,95.0,8.0,82.0,0.0,High,67.6,False
381,Raymond Murillo,Male,85.0,15.0,85.0,2.0,Low,74.3,True
382,Andrea Bradley,Female,92.0,17.0,82.0,2.0,Medium,73.8,True
383,Peter Figueroa,Female,95.0,8.0,85.0,2.0,High,73.2,True
384,Tina Velazquez,Female,85.5,22.0,82.0,2.0,Medium,74.6,False
385,Bonnie Callahan,Female,70.0,17.0,60.0,0.0,High,59.9,True
386,Eric Scott,Female,91.0,17.0,86.0,1.0,High,83.6,True
387,Maria Leblanc,Female,85.0,20.0,60.0,1.0,High,69.0,True
388,Michael Valenzuela,Male,95.0,12.0,70.0,1.0,High,65.2,False
389,Robin Spears,Female,78.0,12.0,86.0,1.0,High,76.3,False
390,David Owens,Male,85.0,30.0,90.0,1.0,Medium,90.8,False
391,Christina Fitzgerald,Female,90.0,17.0,77.0,3.0,Medium,65.8,False
392,Elizabeth Clark,Female,85.0,20.0,77.6,0.0,High,77.7,False
393,Beverly Fisher,Male,85.0,30.0,88.0,1.0,High,90.3,False
394,Sarah Bailey,Female,90.0,20.0,90.0,1.0,Medium,82.7,False
395,Kendra Ramirez,Male,78.0,17.0,65.0,0.0,High,63.1,True
396,Diane Ross,Male,85.0,25.0,88.0,2.0,Medium,77.9,True
397,Stephanie Mcfarland,Female,91.0,12.0,65.0,1.0,High,59.8,False
398,Michelle Woods,Male,91.0,10.0,65.0,2.0,Medium,58.2,False
399,David Ruiz,Male,88.0,8.0,88.0,2.0,Medium,70.8,False
400,Jason Castro,Female,82.0,17.6,90.0,3.0,Low,75.6,True
401,Kathleen Montgomery,Female,90.0,17.6,70.0,0.0,Low,67.0,False
402,James Bennett,Female,70.0,17.6,70.0,2.0,High,65.1,True
403,Kelsey Watkins,Female,78.0,17.6,82.0,0.0,High,75.9,True
404,David Park,Female,90.0,22.0,70.0,3.0,Low,67.0,False
405,Christopher Poole,Female,70.0,8.0,88.0,2.0,High,71.2,False
406,Rebecca Baxter,Female,85.5,12.0,86.0,3.0,Low,71.9,True
407,Virginia Daniel,Male,82.0,20.0,60.0,1.0,Medium,59.6,True
408,Melissa Gordon,Male,95.0,17.0,65.0,1.0,High,67.9,False
409,Brett Barrett,Female,90.0,30.0,70.0,3.0,High,85.0,True
410,Brandon Townsend,Female,90.0,30.0,90.0,3.0,Low,87.3,True
411,Haley Robertson,Female,82.0,15.0,85.0,1.0,Medium,75.7,True
412,Michelle Gonzalez,Female,70.0,20.0,60.0,2.0,Low,57.6,False
413,Gary Holland,Female,85.0,17.6,82.0,3.0,Medium,75.4,True
414,Felicia Howard,Male,90.0,25.0,90.0,0.0,High,92.3,False
415,Sean Walker,Male,85.0,17.0,88.0,1.0,High,74.5,False
416,Brianna Mills,Male,88.0,8.0,60.0,1.0,Low,50.8,False
417,Michael Case,Male,91.0,20.0,86.0,1.0,Low,80.4,True
418,Felicia Houston,Female,91.0,20.0,82.0,1.0,Medium,75.7,False
419,Kevin Wilson,Male,78.0,8.0,70.0,2.0,Low,59.3,False
420,Mary Vaughn,Male,90.0,15.0,78.0,3.0,Low,68.0,False
421,Katherine Gray,Female,92.0,8.0,70.0,0.0,High,62.9,True
422,Maurice Martinez,Male,91.0,15.0,70.0,1.0,Low,64.6,True
423,Jonathon Perry,Female,92.0,22.0,77.0,1.0,Medium,78.5,True
424,Steven Hill,Male,92.0,30.0,77.0,1.0,Medium,82.2,True
425,Rebecca Evans,Female,85.5,10.0,78.0,1.0,High,71.4,False
426,Paul Williams,Female,78.0,30.0,77.0,1.0,Medium,78.8,True
427,Tyler Boyer,Male,88.0,10.0,70.0,3.0,Medium,59.3,True
428,Kristy Nichols,Male,85.0,12.0,82.0,2.0,Low,68.0,False
429,Darren Martin,Male,91.0,18.0,65.0,1.0,Low,65.7,True
430,Katelyn Morgan,Male,82.0,10.0,77.0,0.0,Low,61.1,True
431,Dennis Elliott,Female,85.0,25.0,77.0,3.0,High,82.6,True
432,Jesus Henson,Female,70.0,17.0,77.0,1.0,High,80.0,False
433,Robin Stewart,Male,70.0,8.0,88.0,3.0,Low,70.8,True
434,Lawrence Miller,Female,95.0,30.0,77.0,1.0,Low,80.7,False
435,Ronnie White,Male,90.0,12.0,82.0,3.0,High,78.4,True
436,John Fox,Female,95.0,20.0,77.0,1.0,Medium,72.5,False
437,Matthew Davies,Male,85.0,10.0,86.0,3.0,High,69.0,True
438,Daniel Scott,Male,88.0,10.0,70.0,0.0,Low,55.8,False
439,Michael Evans,Male,85.0,22.0,77.0,1.0,High,73.7,True
440,Jonathan Mann,Female,78.0,17.6,77.0,3.0,Low,69.0,False
441,Bethany Andersen,Male,92.0,17.6,70.0,0.0,High,70.3,True
442,Tiffany Moore,Male,90.0,17.0,65.0,3.0,Low,68.6,False
443,Sylvia Chavez,Female,95.0,15.0,70.0,0.0,High,69.5,False
444,Gerald Reilly,Female,78.0,18.0,77.0,3.0,High,74.7,False
445,Ashlee Wilcox,Male,85.0,15.0,86.0,2.0,High,81.6,True
446,Lance Johnson,Female,95.0,20.0,65.0,0.0,Low,57.9,False
447,John White,Female,70.0,25.0,60.0,2.0,Low,65.7,False
448,Nathaniel Kemp,Female,91.0,17.6,60.0,0.0,Low,61.5,True
449,Patrick Gonzalez MD,Male,82.0,8.0,88.0,2.0,Low,65.0,True
450,Cole Gomez,Male,85.0,22.0,60.0,2.0,High,72.5,True
451,Alejandro Gutierrez,Female,91.0,12.0,82.0,3.0,High,75.9,True
452,Natalie Long,Female,92.0,15.0,86.0,2.0,Low,73.6,True
453,Abigail Ingram,Male,85.0,10.0,85.0,2.0,Medium,71.4,True
454,Eileen Lee,Male,90.0,20.0,70.0,2.0,Low,75.8,False
455,Nancy Moore,Female,91.0,25.0,77.0,0.0,Low,75.8,True
456,Melanie Wilson,Female,95.0,20.0,70.0,2.0,Low,70.2,False
457,Gloria Henderson,Male,95.0,17.0,77.0,3.0,High,74.9,False
458,Christopher Payne,Male,95.0,8.0,88.0,2.0,Low,68.2,True
459,John Franklin,Male,70.0,30.0,85.0,2.0,High,91.5,False
460,Angel Stout,Male,85.0,25.0,90.0,3.0,Medium,81.9,False
461,James Watkins,Male,90.0,20.0,77.0,3.0,High,78.4,False
462,Candace Kelly,Female,91.0,18.0,77.0,0.0,Low,68.3,True
463,Zachary Daniel,Female,85.0,12.0,78.0,2.0,Medium,68.3,True
464,Angel Howard,Male,82.0,17.0,88.0,1.0,High,82.6,False
465,Heather Hill,Female,78.0,12.0,77.6,3.0,Medium,69.1,False
466,Heather Gamble,Female,70.0,25.0,60.0,1.0,Medium,63.5,True
467,Sean Levine,Male,88.0,25.0,70.0,0.0,Medium,70.0,True
468,Brian Diaz,Male,78.0,8.0,77.0,0.0,Low,57.5,False
469,Catherine Koch,Female,82.0,22.0,78.0,0.0,High,76.3,False
470,Daniel Mathis,Female,95.0,18.0,88.0,1.0,Low,79.8,False
471,Anne Martin,Female,90.0,30.0,86.0,1.0,Low,88.9,True
472,Mary Warren,Female,95.0,12.0,77.0,1.0,High,69.5,True
473,Amanda Bryant,Female,70.0,22.0,86.0,0.0,High,83.8,False
474,Joel Ford,Female,88.0,22.0,60.0,2.0,Medium,68.5,False
475,Mark Miller,Male,78.0,15.0,65.0,3.0,Low,62.0,True
476,Sarah Russell,Female,70.0,20.0,85.0,2.0,Medium,81.6,False
477,Lisa Mitchell,Male,90.0,18.0,86.0,0.0,High,77.7,False
478,William White,Male,78.0,12.0,65.0,1.0,High,59.7,False
479,Jacqueline Garcia,Female,82.0,17.0,65.0,2.0,High,62.5,False
480,Elizabeth Wright,Female,95.0,17.0,70.0,3.0,High,76.6,False
481,Pamela Woods,Female,85.0,15.0,70.0,0.0,Medium,64.5,False
482,Sydney Patterson,Female,85.0,8.0,82.0,3.0,High,70.9,False
483,Lisa Johnson,Female,92.0,10.0,60.0,0.0,High,59.0,True
484,Todd Jackson,Female,88.0,12.0,82.0,0.0,High,69.2,True
485,Shelby Richards,Female,88.0,22.0,77.0,3.0,Medium,81.9,True
486,Joseph Roberts,Male,88.0,18.0,65.0,1.0,Low,64.6,True
487,Samantha Burton,Male,95.0,8.0,82.0,1.0,Medium,67.4,False
488,Cynthia Mcdonald,Male,85.0,18.0,60.0,2.0,Low,63.1,False
489,Kimberly Petty,Male,92.0,8.0,77.0,3.0,Low,65.2,True
490,Joshua Carpenter,Male,85.0,8.0,82.0,1.0,High,71.8,True
491,Jessica Fuller,Female,88.0,25.0,88.0,1.0,Low,81.2,False
492,Andrea Barber,Male,78.0,18.0,86.0,2.0,Medium,77.2,False
493,Brian Lyons,Female,90.0,25.0,65.0,1.0,High,80.6,True
494,Tammy Fuentes,Female,78.0,12.0,85.0,0.0,Medium,72.4,False
495,Robert Taylor,Male,85.0,8.0,88.0,0.0,Medium,72.5,False
496,David Gonzalez,Female,92.0,22.0,65.0,2.0,Medium,66.3,True
497,Steven Myers,Male,85.0,18.0,82.0,2.0,Medium,71.1,False
498,Cassandra Perez,Male,91.0,30.0,86.0,3.0,Medium,86.3,False
499,Jacqueline Eaton,Female,82.0,10.0,86.0,2.0,Medium,70.0,True
500,Carrie Mccoy,Male,85.0,10.0,65.0,1.0,High,65.8,True
501,Amy Fisher,Female,82.0,22.0,86.0,2.0,High,79.3,True
502,Stephanie Reid,Male,85.0,20.0,77.0,1.0,Medium,77.3,False
503,Reginald Hoover,Female,82.0,15.0,85.0,2.0,High,77.7,True
504,Christina Russo,Female,92.0,25.0,70.0,3.0,Low,71.9,False
505,Raymond Howell,Female,85.0,8.0,85.0,0.0,High,67.9,True
506,Angela Perez,Female,95.0,30.0,70.0,1.0,Medium,72.5,False
507,Charles Aguilar,Male,70.0,12.0,82.0,0.0,Medium,68.3,True
508,Caitlyn Green,Male,82.0,10.0,82.0,1.0,Medium,67.6,True
509,Ronald Davis,Male,90.0,15.0,77.0,1.0,High,70.3,True
510,Melissa Lucas,Female,88.0,20.0,86.0,0.0,Low,72.5,False
511,Heidi Leonard,Male,85.0,22.0,85.0,3.0,Low,78.1,False
512,Samantha Patton,Male,95.0,30.0,60.0,0.0,High,79.5,True
513,Richard Swanson,Male,88.0,12.0,78.0,1.0,Low,66.4,True
514,Lauren Simpson,Male,70.0,17.0,86.0,3.0,Low,69.7,False
515,Kimberly Raymond,Male,95.0,20.0,77.0,3.0,Low,73.0,True
516,Marissa Raymond,Male,78.0,10.0,77.0,2.0,High,68.2,True
517,Joyce Bishop,Male,92.0,17.6,82.0,0.0,Medium,64.4,False
518,Michael Kelly,Female,95.0,25.0,88.0,1.0,Low,84.1,False
519,Peggy Hill,Male,85.0,15.0,90.0,3.0,Low,75.8,True
520,Derrick Love,Male,85.5,22.0,65.0,2.0,High,74.2,False
521,Laura Stevens,Female,85.0,30.0,90.0,2.0,High,99.0,False
522,Terri Potter,Female,91.0,10.0,78.0,0.0,Low,67.3,True
523,Veronica Saunders,Male,91.0,18.0,78.0,1.0,Low,71.5,False
524,Emily Townsend,Male,85.0,18.0,60.0,3.0,Medium,57.6,False
525,James Long,Male,78.0,25.0,70.0,1.0,Low,79.5,False
526,Jennifer Dickson,Female,70.0,10.0,78.0,1.0,Low,64.0,True
527,Alexa West,Female,85.0,18.0,60.0,1.0,Low,60.9,False
528,Phillip Donovan,Male,70.0,12.0,86.0,3.0,Medium,70.1,False
529,Monique King,Female,82.0,10.0,90.0,0.0,Low,70.8,True
530,Karl Murray,Male,70.0,17.6,86.0,0.0,Medium,72.2,True
531,Julia Brooks,Female,78.0,15.0,88.0,0.0,Medium,70.9,False
532,Lauren Montgomery,Male,85.5,10.0,65.0,1.0,Low,55.9,True
533,Nathan Wall,Male,85.0,30.0,85.0,1.0,High,90.4,False
534,Kristin Macias,Female,85.0,17.0,65.0,0.0,High,64.5,True
535,Samuel Smith,Female,92.0,25.0,90.0,2.0,High,88.1,False
536,Derrick Love,Male,70.0,8.0,78.0,3.0,Low,62.5,True
537,Bradley Stevens,Male,85.0,17.0,78.0,3.0,Low,70.1,True
538,Morgan Hampton,Male,92.0,18.0,77.0,0.0,Medium,74.3,False
539,Lori Carrillo,Male,85.0,17.0,85.0,2.0,High,72.1,True
540,Samantha Novak,Female,95.0,17.0,78.0,0.0,Medium,73.2,False
541,Audrey Robinson,Female,95.0,10.0,85.0,2.0,High,79.2,False
542,Lindsey Kerr,Male,70.0,12.0,60.0,1.0,High,53.4,True
543,Cynthia Nguyen,Male,78.0,15.0,60.0,2.0,Medium,56.8,True
544,Ryan Hood,Male,85.0,22.0,82.0,1.0,Medium,76.2,True
545,Matthew Stevenson,Male,92.0,22.0,77.0,1.0,Medium,70.8,True
546,Rhonda White,Female,91.0,12.0,90.0,1.0,High,77.4,True
547,Larry Ramsey,Male,91.0,22.0,82.0,1.0,High,79.6,True
548,Kimberly Anderson,Male,85.0,22.0,88.0,1.0,High,91.2,True
549,Brian Miles,Male,88.0,17.0,77.6,2.0,Low,73.8,True
550,Kelly Baker,Male,90.0,22.0,70.0,2.0,Medium,74.4,False
551,Wendy Miller,Female,88.0,12.0,86.0,3.0,Medium,74.2,False
552,Michael Webster,Male,91.0,25.0,82.0,3.0,High,81.9,True
553,Michelle Ryan,Female,70.0,15.0,88.0,1.0,Low,72.2,False
554,Justin Jennings,Male,88.0,18.0,70.0,2.0,Medium,68.7,False
555,Norma Ward,Male,78.0,25.0,88.0,1.0,Low,78.9,True
556,Paul Williams,Male,85.0,12.0,88.0,1.0,Medium,75.0,False
557,Vincent Johnson,Male,92.0,22.0,77.6,1.0,High,79.6,False
558,David Stone,Male,91.0,22.0,60.0,0.0,Low,61.6,False
559,Amy Evans,Male,88.0,8.0,85.0,1.0,High,75.3,True
560,Caleb Walker,Female,78.0,20.0,88.0,1.0,High,84.9,False
561,Stephen Ramirez,Male,92.0,30.0,77.0,2.0,Medium,80.3,True
562,Nicholas Baxter,Male,85.0,8.0,70.0,2.0,High,67.4,True
563,Raymond Smith,Female,85.0,20.0,70.0,2.0,High,70.3,True
564,Roy Johnson,Male,92.0,18.0,82.0,2.0,Medium,76.6,True
565,Ryan Vasquez,Male,90.0,15.0,86.0,2.0,Low,76.4,False
566,Justin Johnson,Male,88.0,22.0,90.0,0.0,High,84.5,False
567,Jenny Coleman,Male,85.0,17.6,78.0,2.0,Medium,72.4,True
568,Kaylee Benjamin,Female,88.0,30.0,90.0,2.0,High,90.0,False
569,Charles Murphy,Female,88.0,17.0,77.0,3.0,High,78.4,False
570,Grant Henderson,Female,78.0,17.6,88.0,1.0,Medium,76.1,False
571,Michael Woods,Female,78.0,18.0,88.0,3.0,Low,75.4,True
572,Michael Kane,Male,88.0,12.0,77.0,0.0,Low,67.7,True
573,Susan Benson,Female,90.0,30.0,90.0,3.0,Medium,86.9,True
574,Timothy Armstrong,Male,91.0,17.0,85.0,3.0,Low,71.5,False
575,Cindy Harvey,Female,70.0,20.0,86.0,2.0,Low,71.9,False
576,Caitlin Carter,Male,90.0,25.0,65.0,3.0,Low,71.8,True
577,Ricky Johnson,Female,70.0,22.0,86.0,1.0,High,79.4,False
578,Bryan Hoover,Female,95.0,20.0,86.0,1.0,Low,84.4,False
579,Elijah Wagner,Female,82.0,15.0,78.0,2.0,Medium,62.8,True
580,Felicia Davis,Female,95.0,8.0,60.0,0.0,Medium,57.0,False
581,Jonathan Hess,Male,82.0,8.0,88.0,0.0,Low,68.0,True
582,Michael Yoder,Male,90.0,15.0,65.0,1.0,Low,61.7,True
583,Samantha York,Female,85.0,22.0,60.0,3.0,High,67.5,False
584,Joanna Martinez,Female,92.0,10.0,60.0,3.0,High,61.4,True
585,Penny Hopkins,Female,70.0,12.0,86.0,1.0,High,75.1,False
586,Justin Foster,Female,90.0,17.6,77.6,2.0,Medium,74.9,True
587,Jennifer Morgan,Female,90.0,12.0,86.0,2.0,Low,72.5,True
588,Dalton Chen,Female,82.0,17.0,86.0,1.0,Medium,75.9,False
589,Mrs. Amy Carney MD,Male,91.0,18.0,86.0,2.0,High,81.0,True
590,Melissa Wang,Male,88.0,17.0,85.0,0.0,Low,73.2,False
591,Chelsea Porter,Female,88.0,17.6,78.0,2.0,Low,72.6,True
592,Cameron Bender,Female,78.0,17.6,90.0,1.0,High,77.7,True
593,Vanessa Hall,Male,85.0,8.0,60.0,3.0,Low,50.0,True
594,Daniel Solomon,Male,88.0,20.0,78.0,1.0,Medium,75.8,True
595,Deanna Jones,Female,85.0,18.0,65.0,2.0,Medium,64.4,False
596,Alicia Young,Male,90.0,12.0,88.0,0.0,Low,70.8,True
597,Peter Figueroa,Female,85.0,25.0,86.0,3.0,Low,82.2,False
598,Jacob Thompson,Male,85.0,20.0,78.0,0.0,High,77.3,False
599,Jonathon Woodward,Female,88.0,25.0,78.0,1.0,Low,76.0,True
600,Brian Hayes,Male,90.0,22.0,65.0,0.0,Low,63.3,True
601,Lisa Carroll,Female,88.0,17.0,85.0,1.0,Medium,76.0,False
602,Cassandra Ryan,Male,90.0,18.0,78.0,0.0,Medium,67.3,False
603,Terri Hayden,Female,90.0,17.0,90.0,3.0,Medium,79.8,True
604,Taylor Burns,Female,92.0,22.0,85.0,1.0,Low,74.7,True
605,Andrew Jimenez,Female,85.0,17.0,65.0,1.0,High,71.2,False
606,Wendy King,Male,82.0,17.0,77.0,0.0,Medium,69.4,False
607,Luis Carter,Male,91.0,12.0,88.0,1.0,Low,74.3,True
608,Nicholas Jones,Female,90.0,17.0,77.6,3.0,High,79.1,True
609,Tiffany Sanders,Female,90.0,30.0,77.0,2.0,Low,86.2,True
610,Nicholas Jones,Male,91.0,25.0,77.0,0.0,High,83.3,False
611,Tina Knight,Male,95.0,15.0,88.0,3.0,Medium,70.8,False
612,Brittany Andrews,Male,91.0,25.0,85.0,1.0,Low,78.3,False
613,William Weber,Male,78.0,15.0,65.0,1.0,Medium,58.9,True
614,Angela Ortiz,Male,85.0,22.0,86.0,3.0,High,84.8,False
615,David Meyer,Male,85.5,12.0,65.0,1.0,High,65.7,True
616,Michelle Aguilar,Female,78.0,8.0,65.0,1.0,Low,53.0,True
617,Travis Harrell,Male,91.0,8.0,65.0,1.0,Medium,57.1,True
618,Craig Mccann,Female,85.0,10.0,90.0,0.0,Low,68.2,True
619,Scott Edwards,Male,91.0,10.0,77.0,3.0,High,68.5,False
620,Kelly Cohen,Male,82.0,20.0,86.0,1.0,Low,73.6,True
621,David Diaz,Male,92.0,20.0,65.0,1.0,Medium,63.4,True
622,Joseph Green,Female,92.0,8.0,82.0,1.0,Low,62.7,True
623,Henry Johnson,Male,78.0,15.0,77.0,2.0,High,70.1,False
624,Keith Wilson,Female,92.0,30.0,90.0,2.0,Medium,92.4,False
625,Jordan Chase,Female,92.0,20.0,77.0,3.0,Medium,70.6,True
626,Kayla Solomon,Male,70.0,30.0,65.0,1.0,Low,79.9,True
627,Hayley Johnson,Male,85.0,22.0,78.0,2.0,High,81.4,False
628,John Bender,Female,92.0,18.0,86.0,0.0,Low,75.8,True
629,William Christian,Female,82.0,17.0,90.0,3.0,Medium,75.2,False
630,Michael Willis,Male,95.0,8.0,86.0,3.0,Low,71.6,False
631,James Simmons,Male,85.0,12.0,78.0,0.0,Low,63.2,True
632,Christopher Sullivan,Male,92.0,17.6,70.0,1.0,Low,67.6,False
633,Michelle Santos,Male,90.0,15.0,77.6,2.0,High,82.2,True
634,Michael Walters,Female,78.0,8.0,65.0,1.0,Low,54.9,True
635,Jason Anderson,Female,82.0,15.0,82.0,0.0,Medium,72.8,True
636,Tracy Gibbs,Female,85.0,12.0,88.0,1.0,High,75.8,True
637,James Hoover,Female,78.0,12.0,85.0,2.0,Low,70.3,True
638,Julie Garza,Male,85.0,22.0,90.0,3.0,Medium,87.4,False
639,Lisa Williams,Female,90.0,30.0,88.0,1.0,Medium,85.9,False
640,Erica Thomas,Female,85.0,22.0,88.0,2.0,High,91.3,True
641,Calvin Vargas,Male,90.0,10.0,82.0,2.0,Medium,70.3,True
642,Molly Jones,Female,82.0,10.0,77.0,1.0,Medium,62.7,False
643,Shannon Hogan,Male,85.0,17.6,70.0,3.0,Medium,68.5,False
644,James Fields,Female,85.0,18.0,77.6,0.0,Medium,72.4,False
645,Arthur Johnson,Female,85.0,10.0,88.0,2.0,Medium,73.2,False
646,Collin Edwards,Male,78.0,10.0,90.0,2.0,High,72.1,False
647,Kimberly Smith,Male,92.0,17.6,77.6,1.0,Medium,69.7,True
648,Mr. Clinton Camacho,Female,90.0,15.0,60.0,1.0,High,63.3,True
649,Taylor Moyer,Male,88.0,17.0,82.0,3.0,Medium,73.4,False
650,Michael Gomez,Male,85.0,15.0,77.6,2.0,High,75.9,True
651,David Jimenez,Female,90.0,30.0,78.0,3.0,Low,82.3,False
652,Kyle Coleman,Male,90.0,17.6,77.0,2.0,Low,67.3,True
653,Marvin Cardenas,Female,78.0,8.0,88.0,0.0,Medium,68.1,False
654,Eddie Robertson,Male,92.0,17.0,60.0,1.0,Medium,62.6,False
655,Christopher Diaz,Male,78.0,25.0,82.0,1.0,Low,80.7,False
656,Christopher Taylor,Male,70.0,18.0,60.0,0.0,Low,60.6,True
657,Brenda Bell,Male,70.0,18.0,70.0,1.0,High,72.9,False
658,Ashley Nguyen,Male,85.0,15.0,65.0,2.0,Medium,62.9,False
659,Michael Bailey,Male,85.0,25.0,78.0,2.0,Medium,77.1,False
660,Maria Scott,Female,88.0,17.6,85.0,1.0,Low,70.9,True
661,Katherine Mclaughlin,Male,95.0,17.0,65.0,1.0,High,70.4,False
662,Karen Cruz,Female,88.0,12.0,85.0,2.0,High,77.0,True
663,Jodi Taylor,Female,95.0,18.0,82.0,1.0,High,80.9,True
664,Thomas Mcgrath,Female,95.0,17.0,60.0,1.0,High,62.3,True
665,Alec Peterson,Male,70.0,17.0,85.0,2.0,High,75.4,False
666,Kathy Bailey,Male,91.0,12.0,88.0,0.0,Low,74.7,True
667,Karen Wolf,Male,92.0,18.0,65.0,3.0,High,69.5,True
668,Mary Jones,Male,85.0,8.0,78.0,3.0,High,70.7,True
669,Lisa Houston,Male,88.0,15.0,77.6,2.0,Low,69.4,True
670,Ashley Jordan,Male,78.0,30.0,78.0,2.0,High,85.7,False
671,Lonnie Williams,Male,82.0,22.0,85.0,2.0,Low,81.6,True
672,Michael Poole,Male,82.0,15.0,85.0,3.0,Low,71.7,True
673,David Martinez,Male,78.0,30.0,60.0,0.0,High,73.1,False
674,Eduardo Miller,Female,90.0,12.0,65.0,1.0,Medium,58.2,True
675,Kristine Williams,Female,85.5,8.0,82.0,1.0,Low,64.8,True
676,Dr. Richard Wallace,Female,70.0,25.0,85.0,3.0,Medium,79.1,False
677,Audrey Woods,Female,85.0,12.0,85.0,2.0,High,76.8,True
678,Lauren Brown,Male,95.0,25.0,88.0,3.0,Low,82.9,False
679,Stephanie Merritt,Female,70.0,30.0,77.0,3.0,Medium,83.0,False
680,Rebecca Jones,Male,88.0,17.0,77.0,3.0,Low,67.9,True
681,Isaiah Arnold,Female,85.0,10.0,60.0,3.0,Low,53.9,True
682,Andrea Frey,Female,85.0,25.0,82.0,1.0,Medium,78.4,True
683,Andrew Dudley,Female,90.0,8.0,77.0,1.0,Medium,67.9,True
684,Kenneth Jones,Female,85.0,8.0,65.0,2.0,Low,56.5,False
685,Jane Griffith,Female,85.0,12.0,65.0,2.0,High,67.2,False
686,Jeff Phillips,Female,95.0,15.0,78.0,3.0,High,70.8,True
687,Dawn Edwards,Female,90.0,8.0,88.0,1.0,Medium,71.0,True
688,Paige Campbell,Female,91.0,20.0,85.0,2.0,High,85.8,False
689,Belinda Kim,Female,70.0,22.0,70.0,0.0,Medium,66.8,True
690,Christopher Cruz,Female,85.5,8.0,88.0,3.0,High,77.9,True
691,Ruben Steele,Female,82.0,30.0,65.0,3.0,Medium,71.6,False
692,Bradley Martinez,Male,88.0,18.0,78.0,2.0,Low,76.2,True
693,Alison Williams,Female,88.0,20.0,86.0,2.0,Medium,85.3,True
694,Scott Ferguson,Female,70.0,12.0,88.0,3.0,Medium,70.3,False
695,David Brown,Male,85.0,12.0,65.0,3.0,Medium,57.8,False
696,Joseph Smith,Female,91.0,15.0,70.0,3.0,Medium,69.5,False
697,Abigail Ingram,Female,95.0,20.0,90.0,0.0,Medium,84.2,True
698,Renee Scott,Male,90.0,10.0,90.0,1.0,High,76.4,False
699,Aimee Green,Male,92.0,10.0,82.0,0.0,High,70.1,True
700,Ricky Jenkins,Female,85.0,15.0,85.0,1.0,Low,72.7,False
701,Kelly Allen MD,Female,78.0,25.0,85.0,3.0,Low,76.8,False
702,Sean Smith,Male,92.0,22.0,85.0,1.0,Medium,77.0,True
703,Robert Johnson,Male,78.0,20.0,65.0,3.0,Medium,61.8,True
704,Susan Russell,Female,90.0,30.0,70.0,0.0,High,77.7,True
705,Ryan West,Female,95.0,18.0,78.0,3.0,High,77.6,True
706,Cindy Morales,Female,88.0,30.0,85.0,2.0,High,91.5,False
707,Christina Fitzgerald,Male,92.0,18.0,90.0,0.0,Medium,82.3,False
708,Susan Roberson,Female,90.0,17.0,77.0,0.0,Medium,65.8,True
709,Jessica Banks,Male,95.0,8.0,86.0,2.0,Low,72.5,True
710,Jodi Rogers,Female,78.0,15.0,60.0,3.0,Low,57.2,True
711,Michelle Clay,Male,82.0,10.0,86.0,0.0,Medium,67.7,True
712,Jacob Bean,Male,91.0,30.0,82.0,3.0,High,91.3,False
713,Robert Harper,Male,85.0,12.0,86.0,3.0,High,73.3,True
714,Valerie Gibson,Female,91.0,8.0,86.0,2.0,High,75.2,True
715,Michelle Graham,Female,85.0,17.0,85.0,3.0,Low,75.6,False
716,Seth Johnson,Female,70.0,10.0,60.0,3.0,Low,54.5,True
717,John Jones,Male,70.0,10.0,78.0,2.0,Medium,64.7,False
718,Julia Sanchez,Male,85.0,17.0,65.0,1.0,Low,70.5,False
719,Anthony Dunn,Female,90.0,20.0,70.0,1.0,High,72.1,False
720,Justin Sharp,Male,88.0,12.0,86.0,0.0,Medium,68.4,True
721,Thomas Yoder,Female,85.5,12.0,77.0,1.0,Medium,64.5,False
722,Christine Mullins,Female,90.0,30.0,78.0,0.0,Medium,78.1,False
723,Timothy Mcbride,Female,82.0,30.0,60.0,0.0,Medium,66.3,False
724,Deborah Reyes,Male,78.0,15.0,90.0,0.0,High,82.4,False
725,Chad Downs,Male,85.0,15.0,77.6,1.0,Low,73.3,True
726,William Hill,Male,95.0,20.0,90.0,2.0,High,84.8,True
727,Makayla Rhodes,Male,70.0,20.0,90.0,1.0,Low,76.5,False
728,Clayton Jones,Female,95.0,17.6,85.0,1.0,High,83.0,False
729,Sean Hernandez,Female,91.0,15.0,88.0,1.0,Low,74.2,True
730,Christine Young,Male,88.0,30.0,78.0,2.0,Low,83.5,False
731,Brian Hale,Male,70.0,20.0,78.0,3.0,High,77.4,True
732,Sandra Hart,Female,85.0,8.0,82.0,3.0,High,66.6,True
733,Christine Curtis,Female,70.0,17.0,82.0,3.0,Low,76.4,False
734,Tara Johnson,Female,70.0,20.0,78.0,2.0,Medium,77.2,True
735,Stephanie Snyder,Male,88.0,17.0,60.0,2.0,Medium,58.6,False
736,Miguel Leblanc,Female,88.0,22.0,78.0,2.0,High,79.0,False
737,Christina Mcintyre,Male,85.0,22.0,82.0,1.0,Medium,78.2,True
738,John Weber,Female,78.0,10.0,60.0,1.0,High,59.8,False
739,Timothy Austin,Female,91.0,18.0,88.0,0.0,High,83.3,False
740,Jeffrey Sullivan,Female,82.0,15.0,78.0,0.0,High,78.0,False
741,Michael Noble,Female,88.0,22.0,86.0,1.0,Low,79.5,True
742,Christine Shah,Male,92.0,20.0,78.0,3.0,High,76.6,True
743,Lisa Maynard,Male,90.0,18.0,77.0,0.0,Medium,65.5,True
744,Lisa Lynch,Female,85.0,15.0,77.0,3.0,High,71.5,True
745,Angela Warren,Male,90.0,8.0,60.0,1.0,Low,53.3,False
746,Mary Benson,Female,70.0,17.6,70.0,3.0,Low,70.5,True
747,Yvonne Krueger,Male,70.0,22.0,88.0,2.0,High,82.8,False
748,Keith Bailey,Female,91.0,30.0,77.0,0.0,High,85.0,False
749,Barbara Case,Female,92.0,12.0,90.0,3.0,Low,74.8,False
750,Jamie Torres,Female,70.0,8.0,88.0,1.0,High,76.8,True
751,Justin Jacobs,Male,78.0,25.0,65.0,3.0,Medium,76.4,False
752,Kevin Reynolds,Male,82.0,15.0,77.6,1.0,Medium,67.2,True
753,Michelle Kelly,Female,70.0,20.0,86.0,3.0,High,80.1,False
754,Terry Hernandez,Male,82.0,18.0,65.0,2.0,Low,66.7,False
755,Aaron Duarte,Male,91.0,22.0,85.0,2.0,High,86.7,True
756,Micheal Perez,Female,78.0,18.0,77.0,2.0,Medium,75.9,False
757,Troy Bradford,Male,92.0,17.0,60.0,1.0,High,67.6,True
758,Bobby Wilkinson,Female,95.0,8.0,88.0,3.0,High,74.6,True
759,Juan Lopez,Female,85.5,17.0,70.0,1.0,High,72.9,True
760,Virginia Medina,Female,85.5,8.0,65.0,0.0,High,62.3,True
761,Leah Holmes,Female,70.0,8.0,77.6,2.0,Low,64.4,False
762,Todd Brooks,Male,70.0,17.0,90.0,2.0,Low,78.1,False
763,Madeline Rush,Male,88.0,20.0,78.0,2.0,Medium,76.8,True
764,Ronnie Lee,Female,92.0,20.0,70.0,2.0,Medium,72.7,True
765,Nicole Frederick,Male,82.0,22.0,82.0,3.0,Medium,81.1,True
766,Jason Adams,Female,82.0,30.0,85.0,1.0,Low,87.1,True
767,Mallory Fletcher,Female,92.0,22.0,86.0,2.0,Low,79.9,True
768,David Cummings,Male,90.0,30.0,70.0,3.0,High,82.4,False
769,Kelly Suarez,Male,90.0,15.0,60.0,0.0,Medium,60.6,False
770,Drew Morse,Female,88.0,22.0,77.0,0.0,Medium,70.1,True
771,Lauren Stephens,Male,85.0,17.0,65.0,2.0,Low,64.2,False
772,Penny Miller,Male,82.0,30.0,85.0,3.0,Medium,84.0,False
773,Paula Stewart,Male,90.0,30.0,82.0,1.0,Medium,84.3,True
774,Jonathan Johnson,Female,85.0,18.0,82.0,3.0,High,82.9,False
775,Laura Ross,Male,70.0,17.0,86.0,2.0,Low,74.8,False
776,Brandy Wilson,Male,78.0,12.0,77.0,1.0,Low,65.7,False
777,Brittany Briggs,Female,70.0,25.0,60.0,1.0,Low,60.9,False
778,Carl Coleman,Male,85.0,22.0,82.0,2.0,Low,79.5,True
779,Crystal Chandler,Male,91.0,12.0,90.0,1.0,Low,76.6,True
780,Elizabeth Nichols,Female,92.0,25.0,86.0,1.0,High,94.3,True
781,Jesse Barber,Male,95.0,17.6,65.0,0.0,High,66.7,True
782,Julie Jackson,Male,82.0,10.0,82.0,0.0,High,71.1,False
783,Cindy Morales,Male,85.0,22.0,88.0,0.0,High,84.6,False
784,Melissa Lucas,Female,95.0,18.0,60.0,2.0,High,71.6,True
785,Ashley Franco,Female,90.0,18.0,78.0,1.0,Medium,71.9,True
786,Kimberly Calderon,Male,85.0,18.0,70.0,3.0,Low,67.7,True
787,Lisa Brooks,Female,85.0,20.0,70.0,3.0,High,75.3,True
788,Destiny Todd,Female,82.0,17.0,78.0,1.0,Medium,71.2,True
789,Dawn Luna,Female,88.0,22.0,77.6,2.0,Medium,73.6,False
790,Jacob Yoder,Male,82.0,22.0,85.0,2.0,High,84.4,False
791,Martha Moody,Male,91.0,12.0,88.0,1.0,Low,76.7,False
792,James Torres,Male,95.0,30.0,90.0,1.0,Low,86.4,True
793,Joshua Robertson,Female,85.0,15.0,65.0,0.0,Low,59.9,True
794,Shelly Stuart,Male,85.0,20.0,88.0,0.0,Low,75.2,True
795,Julie Williams,Female,95.0,25.0,77.0,1.0,High,86.3,False
796,Tamara Jones,Male,91.0,18.0,90.0,3.0,Medium,74.9,True
797,Todd Orozco,Male,70.0,20.0,77.6,3.0,Low,69.9,True
798,Jeffrey Torres,Male,90.0,10.0,82.0,3.0,High,74.3,True
799,Chad Colon,Female,82.0,17.0,78.0,3.0,Low,75.3,False
800,Alan Williams,Female,90.0,12.0,77.0,1.0,Medium,66.6,True
801,Cameron Austin,Female,85.5,12.0,77.0,1.0,High,69.7,True
802,Dawn Nguyen,Female,90.0,25.0,90.0,0.0,Medium,88.6,True
803,Andrea Phillips,Female,70.0,15.0,86.0,1.0,Medium,68.3,False
804,Robert Bishop,Female,85.5,17.6,85.0,3.0,Low,69.0,False
805,Melanie Mckinney,Male,85.0,15.0,60.0,3.0,Low,59.8,False
806,Joseph Ellis,Female,91.0,8.0,85.0,2.0,Low,67.0,False
807,Jennifer Smith,Male,91.0,8.0,90.0,3.0,Low,68.4,False
808,Vickie Holloway,Male,95.0,15.0,77.0,2.0,Medium,71.8,True
809,Nancy Munoz,Male,91.0,10.0,70.0,2.0,Medium,61.8,False
810,David Taylor,Male,85.5,15.0,78.0,0.0,Medium,65.7,False
811,Amber Gray,Male,78.0,17.0,82.0,3.0,Medium,68.8,True
812,Christian Barr,Male,82.0,12.0,78.0,0.0,Medium,67.2,True
813,Kimberly Harrison,Female,92.0,17.0,77.0,3.0,Low,73.0,False
814,Mark Fleming,Female,95.0,10.0,85.0,1.0,High,75.2,True
815,Felicia Carpenter,Female,85.5,25.0,90.0,2.0,Low,90.1,True
816,Rebecca Kelly,Male,85.0,30.0,78.0,2.0,Medium,78.1,False
817,Aaron Walls,Male,91.0,30.0,78.0,1.0,High,82.3,False
818,Mark King,Female,82.0,25.0,65.0,3.0,High,72.1,True
819,James Macdonald,Female,90.0,30.0,90.0,2.0,Medium,88.9,True
820,Alexander Thompson,Female,90.0,20.0,65.0,0.0,High,69.7,False
821,Kaitlin Walton,Female,92.0,17.6,86.0,3.0,High,81.2,False
822,Ashley Kaufman,Male,88.0,10.0,70.0,3.0,Medium,61.9,False
823,Megan Bernard,Male,82.0,8.0,70.0,1.0,Medium,54.8,False
824,Kelly Harper,Female,85.0,17.0,82.0,3.0,Medium,77.6,True
825,Daniel White,Female,92.0,8.0,90.0,2.0,Medium,71.4,False
826,Justin Castro,Female,90.0,18.0,77.0,2.0,Medium,75.0,False
827,John Odonnell,Female,85.0,8.0,60.0,1.0,Medium,53.9,True
828,Whitney Tapia,Male,88.0,20.0,88.0,2.0,High,86.0,True
829,Jeff Lawrence,Male,90.0,20.0,85.0,1.0,High,84.7,True
830,Jeremy Shields,Female,88.0,25.0,86.0,0.0,Low,81.7,False
831,Matthew Davies,Female,70.0,8.0,86.0,1.0,Medium,68.9,False
832,Christine Hamilton,Male,92.0,17.0,90.0,2.0,Low,82.8,False
833,Crystal Proctor,Male,95.0,25.0,60.0,0.0,High,71.1,True
834,Tracy Kelley,Male,91.0,10.0,82.0,1.0,Medium,70.4,False
835,Victoria Mcbride,Female,95.0,22.0,78.0,3.0,High,80.6,False
836,Ellen Cross MD,Male,70.0,20.0,70.0,0.0,High,74.3,False
837,David Stevens,Male,85.5,20.0,70.0,0.0,High,69.5,True
838,Frank Brown DDS,Female,88.0,25.0,90.0,2.0,Low,90.2,False
839,Jenna Price,Male,78.0,30.0,60.0,0.0,High,72.7,False
840,Deborah Barajas,Female,85.5,10.0,90.0,2.0,Medium,68.3,False
841,Richard Howard Jr.,Male,88.0,25.0,78.0,0.0,Medium,76.0,True
842,Anita Dougherty,Female,91.0,17.0,77.0,1.0,Low,68.9,False
843,Alicia Watson,Female,70.0,22.0,65.0,0.0,High,71.1,False
844,Deborah Hunter,Female,78.0,22.0,85.0,0.0,Low,74.4,False
845,Morgan Gilbert,Female,90.0,25.0,77.0,0.0,Low,73.9,True
846,Taylor Crawford,Female,70.0,17.0,65.0,2.0,High,60.9,True
847,Danny Sanchez,Female,95.0,8.0,90.0,0.0,High,73.5,True
848,Cory Rosario DDS,Female,85.0,17.0,85.0,2.0,Low,67.8,True
849,Mrs. Amy Carney MD,Female,78.0,17.6,78.0,3.0,High,70.9,False
850,Kyle Perez,Male,85.0,18.0,65.0,1.0,Medium,66.2,True
851,Kelly Gibson MD,Male,82.0,20.0,60.0,2.0,Medium,64.6,False
852,Angela Garcia,Male,95.0,25.0,90.0,2.0,High,91.8,False
853,Dylan Vaughan,Male,92.0,20.0,65.0,0.0,High,66.3,False
854,Kevin Santiago,Male,82.0,8.0,60.0,2.0,High,57.5,True
855,Terry Rodriguez,Female,95.0,15.0,60.0,3.0,Medium,59.5,False
856,Chad Mason,Male,92.0,8.0,82.0,3.0,Medium,63.3,True
857,Jessica Ferguson,Male,91.0,30.0,60.0,0.0,Medium,73.6,False
858,Andrew Schroeder,Male,95.0,17.6,86.0,3.0,Medium,79.8,True
859,Jeffrey Garcia,Male,85.5,15.0,86.0,0.0,Medium,71.5,True
860,Jason Hood,Male,78.0,30.0,77.0,2.0,High,85.1,True
861,Sandra Leon,Female,85.5,10.0,77.6,1.0,Low,65.7,False
862,Tyler Mccormick,Male,95.0,30.0,90.0,3.0,Low,83.4,True
863,Megan Murphy,Female,82.0,30.0,65.0,1.0,Low,72.5,True
864,Charles Vincent,Male,78.0,17.6,65.0,2.0,High,65.8,True
865,Mrs. Cindy Sharp DVM,Male,70.0,17.0,82.0,2.0,Low,68.8,True
866,Christopher Chapman,Female,91.0,17.0,90.0,2.0,Medium,77.9,False
867,Sarah Dixon,Male,85.0,17.0,60.0,2.0,Low,65.5,False
868,Teresa Rodriguez,Female,70.0,20.0,82.0,3.0,Low,76.1,False
869,Shannon Spencer,Female,88.0,17.0,82.0,0.0,Low,69.9,True
870,Darlene Tapia,Male,78.0,25.0,78.0,1.0,Low,78.3,False
871,Ryan Ball,Female,85.0,18.0,86.0,2.0,Medium,80.7,False
872,Anita Berger,Male,70.0,18.0,88.0,2.0,Low,79.0,True
873,Tom Bradley,Female,92.0,25.0,77.0,1.0,Medium,77.6,True
874,Melinda Cummings,Female,78.0,18.0,90.0,3.0,Low,76.3,True
875,Melissa Donaldson,Female,91.0,20.0,70.0,3.0,Medium,71.2,False
876,Charles Pearson,Female,91.0,18.0,60.0,2.0,High,67.7,True
877,Isaiah Moore,Female,70.0,18.0,78.0,0.0,Medium,70.9,False
878,Jonathan Ramirez,Female,88.0,8.0,65.0,0.0,Medium,56.1,False
879,Mrs. Melanie Mueller,Male,85.0,22.0,90.0,0.0,High,88.2,True
880,Ms. Heather Dean,Female,85.0,22.0,85.0,0.0,High,80.5,False
881,David Malone,Female,85.0,22.0,90.0,1.0,Medium,86.1,True
882,Melissa Brown,Male,92.0,12.0,78.0,0.0,Low,66.2,False
883,Jason Woods,Female,95.0,22.0,60.0,1.0,Medium,71.3,False
884,Rachel Diaz,Female,91.0,15.0,88.0,1.0,High,78.8,False
885,Michael Jones,Male,91.0,20.0,70.0,2.0,Low,74.3,False
886,Taylor Mcgee,Female,92.0,15.0,88.0,1.0,Low,76.6,False
887,Christopher Ray,Male,91.0,17.0,60.0,3.0,High,63.7,True
888,Alyssa Berg MD,Female,91.0,25.0,65.0,1.0,Low,68.6,True
889,Jordan Thornton,Female,78.0,17.0,85.0,1.0,Low,73.4,True
890,Dr. James Henry DDS,Male,70.0,15.0,65.0,1.0,Medium,61.3,False
891,James Stevens,Male,82.0,17.0,85.0,1.0,High,81.4,True
892,Kevin Marquez,Female,70.0,12.0,60.0,3.0,High,57.9,True
893,Colleen Porter,Female,91.0,25.0,85.0,3.0,Medium,82.0,True
894,Christian Odom,Male,91.0,12.0,90.0,0.0,Medium,79.1,True
895,Calvin Macias,Male,90.0,8.0,78.0,2.0,Medium,69.4,True
896,Kim Fischer,Female,78.0,22.0,82.0,0.0,Low,75.9,True
897,Travis Schultz,Female,92.0,17.0,82.0,0.0,High,77.1,True
898,Bonnie Morris,Male,78.0,17.0,60.0,2.0,Low,59.8,False
899,Tiffany Morris,Female,85.0,30.0,60.0,0.0,High,75.3,True
900,Paul Poole,Female,90.0,10.0,88.0,3.0,High,73.7,True
901,Richard Perez,Female,85.5,10.0,90.0,3.0,Low,71.8,False
902,Bernard Whitaker,Male,70.0,8.0,65.0,1.0,High,54.4,True
903,Melinda Miller,Female,91.0,8.0,65.0,0.0,High,60.7,False
904,Christina Gonzales,Male,70.0,20.0,77.0,0.0,Medium,71.1,True
905,Maria Gray,Male,85.0,12.0,90.0,1.0,Low,72.7,False
906,Mary Bennett,Male,70.0,17.0,60.0,2.0,Low,63.3,True
907,Dr. Erik Pineda,Male,70.0,12.0,70.0,2.0,Medium,56.9,True
908,Sandra Burns,Male,78.0,22.0,65.0,1.0,Low,62.0,True
909,Patricia Hunt,Male,78.0,20.0,70.0,2.0,High,73.5,False
910,Erika Kennedy,Male,70.0,15.0,90.0,2.0,High,83.1,False
911,Timothy Newman,Female,95.0,12.0,88.0,3.0,Low,79.0,True
912,Tanya Bowen,Male,92.0,10.0,82.0,3.0,High,72.0,False
913,Rhonda Davenport,Male,91.0,8.0,85.0,2.0,Medium,71.7,False
914,Cheryl Brown,Male,88.0,8.0,65.0,2.0,High,61.1,True
915,Angela Bridges,Male,70.0,10.0,88.0,0.0,Medium,67.3,True
916,Brandon Rasmussen,Male,82.0,20.0,70.0,0.0,High,73.9,False
917,Ryan Beltran,Male,92.0,18.0,78.0,1.0,Medium,74.4,True
918,Allison Novak,Female,91.0,17.0,85.0,2.0,Medium,71.0,False
919,Matthew Winters,Male,78.0,30.0,60.0,0.0,Medium,72.2,False
920,Kirsten Davis,Female,85.0,12.0,77.6,0.0,High,73.8,True
921,Paige Turner,Male,91.0,8.0,77.0,0.0,Medium,59.8,False
922,Aimee Christensen,Female,85.5,25.0,82.0,2.0,Medium,80.9,True
923,Jessica Howard,Male,90.0,10.0,86.0,1.0,High,77.1,True
924,Lisa Zhang,Male,85.0,17.0,70.0,2.0,Low,66.9,True
925,Jonathan Daniel,Female,85.5,30.0,90.0,2.0,Low,86.9,True
926,Cheyenne Oliver,Male,78.0,17.6,88.0,0.0,Medium,72.7,False
927,Brianna Henderson,Male,95.0,20.0,88.0,3.0,Low,80.2,False
928,Mark Sanchez,Male,85.0,22.0,60.0,3.0,Medium,67.6,False
929,Melissa Nguyen,Male,95.0,15.0,86.0,1.0,Medium,76.7,False
930,Jeff Carney,Female,95.0,15.0,85.0,0.0,Medium,71.4,True
931,Tammy Tanner,Male,85.5,15.0,65.0,2.0,High,68.9,False
932,Donna Robinson,Male,85.5,18.0,85.0,1.0,Low,67.4,False
933,Eric Wilson,Female,92.0,20.0,90.0,2.0,High,89.6,False
934,Linda Armstrong,Male,92.0,17.0,82.0,2.0,Medium,68.8,True
935,Russell Jones,Female,82.0,8.0,65.0,3.0,High,59.5,True
936,Darlene Burton,Male,95.0,8.0,86.0,1.0,Medium,66.1,True
937,Faith Johnson,Male,91.0,10.0,70.0,0.0,High,60.2,True
938,Nathan Miller,Male,85.0,20.0,70.0,3.0,High,77.0,True
939,Donna Fowler,Male,78.0,17.6,78.0,2.0,High,74.3,True
940,Whitney Jefferson,Male,70.0,8.0,70.0,2.0,Low,58.4,False
941,Shane Sanders,Female,85.0,18.0,85.0,2.0,Medium,75.8,False
942,Felicia Cline,Female,85.0,10.0,78.0,1.0,High,71.7,False
943,Jennifer Clark,Female,78.0,18.0,77.6,1.0,Medium,71.0,True
944,Miss Carla Coleman MD,Female,95.0,30.0,86.0,2.0,Low,83.3,True
945,William Nelson,Male,90.0,10.0,86.0,2.0,High,78.6,True
946,Crystal Brown,Female,90.0,20.0,70.0,3.0,Medium,67.5,True
947,Erica Miller,Male,85.0,10.0,90.0,0.0,Low,65.8,False
948,Terri Hayden,Female,90.0,8.0,85.0,1.0,Medium,67.1,True
949,Robert Martinez,Female,78.0,18.0,78.0,3.0,High,80.5,False
950,Emily Martin,Male,78.0,17.0,70.0,3.0,Low,68.0,True
951,Erica Miller,Male,78.0,22.0,90.0,3.0,Low,80.4,False
952,Wesley May,Female,88.0,25.0,82.0,2.0,Low,79.0,True
953,Christopher Atkinson,Male,78.0,18.0,65.0,2.0,High,67.2,True
954,Blake Martinez,Female,91.0,30.0,88.0,2.0,Low,94.1,False
955,Joy Henderson,Male,85.0,17.6,88.0,3.0,Low,78.5,True
956,Mary Ramos,Female,91.0,12.0,90.0,1.0,High,81.0,False
957,Colleen Sanchez,Female,92.0,8.0,88.0,0.0,Medium,71.5,True
958,David Cruz,Male,91.0,17.0,65.0,1.0,High,69.4,False
959,Ralph Becker,Male,78.0,20.0,60.0,3.0,Medium,61.0,True
960,Denise Coleman,Male,70.0,8.0,78.0,2.0,High,66.6,True
961,Patricia Cox,Male,91.0,15.0,78.0,2.0,Low,69.7,True
962,Samantha Mendoza,Female,91.0,17.6,65.0,2.0,Medium,64.1,False
963,Sean Lyons,Male,85.5,15.0,85.0,2.0,Medium,75.7,True
964,Anthony Smith,Male,85.0,25.0,60.0,0.0,High,69.7,False
965,Deborah Hernandez,Female,78.0,20.0,90.0,2.0,Medium,82.0,True
966,Kristi Price,Male,85.0,22.0,65.0,0.0,Medium,64.9,False
967,Alex Douglas,Female,91.0,18.0,88.0,2.0,Medium,78.5,True
968,Ian Mcdonald,Male,78.0,30.0,65.0,0.0,Medium,64.8,False
969,David Bauer,Male,90.0,30.0,65.0,0.0,Medium,74.7,False
970,Steven Hill,Female,78.0,25.0,60.0,0.0,Low,64.8,True
971,Linda Beasley,Male,91.0,8.0,70.0,3.0,Low,62.5,False
972,Maria Edwards,Male,85.0,17.6,70.0,1.0,High,62.9,False
973,Megan Hutchinson,Female,85.0,10.0,70.0,0.0,High,69.8,True
974,Jaime Simon,Female,70.0,15.0,60.0,1.0,High,61.6,False
975,Thomas Freeman,Male,78.0,30.0,65.0,2.0,High,81.1,True
976,Nancy Gibson,Female,78.0,12.0,82.0,1.0,Medium,65.5,True
977,Holly Leon,Male,78.0,15.0,78.0,3.0,High,75.4,False
978,Travis Pierce,Female,91.0,12.0,82.0,3.0,Medium,66.7,False
979,Nina Fowler,Male,70.0,22.0,78.0,3.0,Medium,71.5,True
980,Kristen Galloway,Female,95.0,8.0,60.0,0.0,High,62.6,False
981,Raven Taylor,Male,90.0,30.0,86.0,1.0,High,91.0,True
982,Samuel Robinson,Male,91.0,15.0,82.0,3.0,Low,73.0,False
983,Christina Johnson,Male,91.0,22.0,78.0,3.0,Medium,78.1,False
984,Holly Spencer,Female,88.0,8.0,70.0,3.0,Medium,60.7,True
985,Jessica Davies,Female,82.0,20.0,70.0,0.0,High,71.7,True
986,Daniel Sullivan,Male,78.0,17.0,85.0,2.0,Low,75.5,True
987,Richard Franklin,Female,85.0,10.0,88.0,2.0,Medium,78.5,True
988,Samantha Klein,Male,92.0,22.0,86.0,2.0,High,85.2,True
989,Becky Perkins,Male,88.0,12.0,85.0,1.0,High,77.0,True
990,Kimberly Pena,Female,91.0,30.0,88.0,2.0,High,96.1,False
991,Rebecca Burnett,Female,85.0,10.0,85.0,3.0,Medium,72.8,False
992,Anna Martinez,Male,85.0,30.0,70.0,3.0,Medium,80.1,False
993,James Garcia,Male,91.0,15.0,90.0,2.0,High,84.0,False
994,Monica Johnson,Female,90.0,25.0,60.0,1.0,Low,63.6,False
995,Shannon Porter,Male,78.0,20.0,60.0,0.0,High,69.7,False
996,Kenneth Murray,Male,85.0,20.0,77.6,1.0,High,74.6,True
997,Amy Stout,Female,91.0,17.6,86.0,0.0,High,80.7,True
998,William Nelson,Male,85.0,8.0,82.0,2.0,Low,63.8,False
999,Joseph Sherman,Male,88.0,17.0,60.0,2.0,High,65.2,True
1000,Maria Walls,Female,88.0,10.0,90.0,1.0,Medium,73.8,True
